{
	"parent": "minecraft:item/handheld",
	"textures": {
		"layer0": "item/golden_sword"
	},
	"overrides": [
		{"predicate": {"custom_model_data":1000001}, "model": "item/gold/longsword_gold"},
		{"predicate": {"custom_model_data":1000002}, "model": "item/gold/katana_gold"},
		{"predicate": {"custom_model_data":1000003}, "model": "item/gold/scythe_gold"},
		{"predicate": {"custom_model_data":1000004}, "model": "item/gold/spear_gold"},
		{"predicate": {"custom_model_data":1000005}, "model": "item/gold/rapier_gold"},
		{"predicate": {"custom_model_data":1000006}, "model": "item/gold/knife_gold"},
		{"predicate": {"custom_model_data":1000010}, "model": "item/gold/saber_gold"},
		{"predicate": {"custom_model_data":1000011}, "model": "item/em/longsword_em"},
		{"predicate": {"custom_model_data":1000012}, "model": "item/em/katana_em"},
		{"predicate": {"custom_model_data":1000013}, "model": "item/em/scythe_em"},
		{"predicate": {"custom_model_data":1000014}, "model": "item/em/spear_em"},
		{"predicate": {"custom_model_data":1000015}, "model": "item/em/rapier_em"},
		{"predicate": {"custom_model_data":1000016}, "model": "item/em/knife_em"},
		{"predicate": {"custom_model_data":1000017}, "model": "item/em/sword_em"},
		{"predicate": {"custom_model_data":1000021}, "model": "item/gold/cleaver_gold"},
		{"predicate": {"custom_model_data":1000030}, "model": "item/em/saber_em"},
		{"predicate": {"custom_model_data":1000031}, "model": "item/em/cleaver_em"},
		{"predicate": {"custom_model_data":9999997}, "model": "item/golden_sword"}
	]
}