{
	"parent": "minecraft:item/handheld",
	"textures": {
		"layer0": "item/netherite_sword"
	},
	"overrides": [
		{"predicate": {"custom_model_data":5000}, "model": "item/fire/flamesword"},
		{"predicate": {"custom_model_data":5001}, "model": "item/fire/flamespear"},
		{"predicate": {"custom_model_data":5002}, "model": "item/fire/flameaxe"},
		{"predicate": {"custom_model_data":5003}, "model": "item/fire/flamecleaver"},
		{"predicate": {"custom_model_data":1000001}, "model": "item/netherite/longsword_netherite"},
		{"predicate": {"custom_model_data":1000002}, "model": "item/netherite/katana_netherite"},
		{"predicate": {"custom_model_data":1000003}, "model": "item/netherite/scythe_netherite"},
		{"predicate": {"custom_model_data":1000004}, "model": "item/netherite/spear_netherite"},
		{"predicate": {"custom_model_data":1000005}, "model": "item/netherite/rapier_netherite"},
		{"predicate": {"custom_model_data":1000006}, "model": "item/netherite/knife_netherite"},
		{"predicate": {"custom_model_data":1000010}, "model": "item/netherite/saber_netherite"},
		{"predicate": {"custom_model_data":1000021}, "model": "item/netherite/cleaver_netherite"},
		{"predicate": {"custom_model_data":1200001}, "model": "item/pris/longsword_pris"},
		{"predicate": {"custom_model_data":1200002}, "model": "item/pris/katana_pris"},
		{"predicate": {"custom_model_data":1200003}, "model": "item/pris/scythe_pris"},
		{"predicate": {"custom_model_data":1200004}, "model": "item/pris/spear_pris"},
		{"predicate": {"custom_model_data":1200005}, "model": "item/pris/rapier_pris"},
		{"predicate": {"custom_model_data":1200006}, "model": "item/pris/knife_pris"},
		{"predicate": {"custom_model_data":1200010}, "model": "item/pris/saber_pris"},
		{"predicate": {"custom_model_data":1200021}, "model": "item/pris/cleaver_pris"},
		{"predicate": {"custom_model_data":1210001}, "model": "item/pris/sword_pris"},
		{"predicate": {"custom_model_data":1222223}, "model": "item/misc/pvessel"},
		{"predicate": {"custom_model_data":1222224}, "model": "item/misc/pinvessel"},
		{"predicate": {"custom_model_data":1222225}, "model": "item/misc/pcursvessel"},
		{"predicate": {"custom_model_data":1222226}, "model": "item/misc/awakvessel"},
		{"predicate": {"custom_model_data":1222227}, "model": "item/misc/awakvessell"},
		{"predicate": {"custom_model_data":1222228}, "model": "item/misc/bruh"},
		{"predicate": {"custom_model_data":1222229}, "model": "item/misc/bruhh"},
		{"predicate": {"custom_model_data":2222223}, "model": "item/misc/vessel"},
		{"predicate": {"custom_model_data":2222224}, "model": "item/misc/invessel"},
		{"predicate": {"custom_model_data":2222225}, "model": "item/misc/cursvessel"},
		{"predicate": {"custom_model_data":2222226}, "model": "item/misc/awakvessel"},
		{"predicate": {"custom_model_data":2222227}, "model": "item/misc/awakvessell"},
		{"predicate": {"custom_model_data":2222228}, "model": "item/misc/bruh"},
		{"predicate": {"custom_model_data":2222229}, "model": "item/misc/bruhh"},
		{"predicate": {"custom_model_data":9999997}, "model": "item/netherite_sword"}
	]
}